Thu Nov 09 2023 20:32:47 GMT-0300 (Brasilia Standard Time),leonardo,leonardo123,logged in
Thu Nov 09 2023 20:33:33 GMT-0300 (Brasilia Standard Time),leonardo,leonardo123,logged in
Thu Nov 09 2023 20:35:57 GMT-0300 (Brasilia Standard Time),leonardo,leonardo123,logged in
Thu Nov 09 2023 20:38:40 GMT-0300 (Brasilia Standard Time),leonardo,leonardo123,logged in
Thu Nov 09 2023 20:40:02 GMT-0300 (Brasilia Standard Time),leonardo,bruno,wrong password
Thu Nov 09 2023 20:41:59 GMT-0300 (Brasilia Standard Time),eduardo,leonardo123,wrong username
Thu Nov 09 2023 20:46:18 GMT-0300 (Brasilia Standard Time),eduardo,leonardo123,wrong username
Thu Nov 09 2023 20:46:28 GMT-0300 (Brasilia Standard Time),leonardo,leonardo123,wrong username
Thu Nov 09 2023 20:46:28 GMT-0300 (Brasilia Standard Time),leonardo,leonardo123,logged in
Thu Nov 09 2023 20:46:49 GMT-0300 (Brasilia Standard Time),leonardo,leonardo123,wrong username
Thu Nov 09 2023 20:46:49 GMT-0300 (Brasilia Standard Time),leonardo,leonardo123,logged in
Thu Nov 09 2023 20:48:44 GMT-0300 (Brasilia Standard Time),leonardo,leonardo123,logged in
Thu Nov 09 2023 20:49:42 GMT-0300 (Brasilia Standard Time),leonardo,leonardo123,logged in
Thu Nov 09 2023 20:50:17 GMT-0300 (Brasilia Standard Time),leonardo,leonardo123,logged in
Sat Nov 25 2023 13:08:20 GMT-0300 (Brasilia Standard Time),leonardo,123,wrong password
Sat Nov 25 2023 13:08:33 GMT-0300 (Brasilia Standard Time),leonardo,leonardo123,logged in
Sat Nov 25 2023 13:08:51 GMT-0300 (Brasilia Standard Time),leonardo123,leonardo123,wrong username
Sat Nov 25 2023 14:54:59 GMT-0300 (Brasilia Standard Time),leonardo,leonardo123,logged in
Sat Nov 25 2023 15:04:16 GMT-0300 (Brasilia Standard Time),,,wrong username
Sat Nov 25 2023 15:04:28 GMT-0300 (Brasilia Standard Time),leonardo,leonardo123,logged in
Sat Nov 25 2023 15:04:40 GMT-0300 (Brasilia Standard Time),leonardo,leonardo123,logged in
Sat Nov 25 2023 15:05:21 GMT-0300 (Brasilia Standard Time),,,wrong username
Sat Nov 25 2023 15:05:47 GMT-0300 (Brasilia Standard Time),,,wrong username
Sat Nov 25 2023 15:05:57 GMT-0300 (Brasilia Standard Time),,,wrong username
Sat Nov 25 2023 15:06:36 GMT-0300 (Brasilia Standard Time),leonardo,leonardo123,logged in
Sat Nov 25 2023 15:07:12 GMT-0300 (Brasilia Standard Time),leonardo,leonardo123,logged in
Sat Nov 25 2023 15:07:33 GMT-0300 (Brasilia Standard Time),leonardo,leonardo123,logged in
Sat Nov 25 2023 15:07:44 GMT-0300 (Brasilia Standard Time),leon,123,wrong username
Sat Nov 25 2023 15:08:12 GMT-0300 (Brasilia Standard Time),leonardo,123,wrong password
Sat Nov 25 2023 15:08:47 GMT-0300 (Brasilia Standard Time),leonardo,leonardo123,logged in
Sat Nov 25 2023 15:08:57 GMT-0300 (Brasilia Standard Time),giulia,giulia123,logged in
Sat Nov 25 2023 15:09:13 GMT-0300 (Brasilia Standard Time),brunopaulino,123,wrong password
Sat Nov 25 2023 15:10:25 GMT-0300 (Brasilia Standard Time),leon,leonardo123,wrong username
Sat Nov 25 2023 15:10:43 GMT-0300 (Brasilia Standard Time),leonardo,123,wrong password
Sat Nov 25 2023 15:11:33 GMT-0300 (Brasilia Standard Time),leon,leonardo123,wrong username
Sat Nov 25 2023 15:12:35 GMT-0300 (Brasilia Standard Time),leon,123,wrong username
Sat Nov 25 2023 15:13:02 GMT-0300 (Brasilia Standard Time),leon,leonardo123,wrong username
Sat Nov 25 2023 15:13:18 GMT-0300 (Brasilia Standard Time),leon,leonardo123,wrong username
Sat Nov 25 2023 15:13:30 GMT-0300 (Brasilia Standard Time),leonardo,teste,wrong password
Sat Nov 25 2023 15:13:38 GMT-0300 (Brasilia Standard Time),leonardo,leonardo123,logged in
Sat Nov 25 2023 15:13:44 GMT-0300 (Brasilia Standard Time),giulia,giulia123,logged in
Sat Nov 25 2023 15:17:04 GMT-0300 (Brasilia Standard Time),giulia,giulia123,logged in
Sat Nov 25 2023 15:17:22 GMT-0300 (Brasilia Standard Time),joseph,joseph123,logged in
Sat Nov 25 2023 15:17:31 GMT-0300 (Brasilia Standard Time),claudia,claudia123,logged in
Sat Nov 25 2023 15:17:49 GMT-0300 (Brasilia Standard Time),giulia,senhaerrada,wrong password
Sat Nov 25 2023 15:18:00 GMT-0300 (Brasilia Standard Time),usuario,giulia123,wrong username
